op,device,dtype,n,iters,avg_ns,bandwidth_GBs
asum,AMD Instinct MI300A,float64,1000,100,17559,0.45559876783313236
asum,AMD Instinct MI300A,float64,2000,100,14908,1.0732298247885235
asum,AMD Instinct MI300A,float64,3000,100,16580,1.4475184106247854
asum,AMD Instinct MI300A,float64,4000,100,17348,1.844549442859605
asum,AMD Instinct MI300A,float64,5000,100,18403,2.1735208647135407
asum,AMD Instinct MI300A,float64,6000,100,19177,2.502968364044234
asum,AMD Instinct MI300A,float64,7000,100,21195,2.642064018154754
asum,AMD Instinct MI300A,float64,8000,100,21009,3.046306234694096
asum,AMD Instinct MI300A,float64,9000,100,22469,3.2044049887245
asum,AMD Instinct MI300A,float64,10000,100,23376,3.422243211980589
asum,AMD Instinct MI300A,float64,11000,100,24681,3.5653960486498293
asum,AMD Instinct MI300A,float64,12000,100,26395,3.6370359369459204
asum,AMD Instinct MI300A,float64,13000,100,27829,3.7370241717191353
asum,AMD Instinct MI300A,float64,14000,100,29447,3.803411184406014
asum,AMD Instinct MI300A,float64,15000,100,31108,3.857519929715987
asum,AMD Instinct MI300A,float64,16000,100,33499,3.820975363664315
asum,AMD Instinct MI300A,float64,17000,100,34623,3.927932830038058
asum,AMD Instinct MI300A,float64,18000,100,36930,3.89924354675193
asum,AMD Instinct MI300A,float64,19000,100,39239,3.8736112020758475
asum,AMD Instinct MI300A,float64,20000,100,40933,3.908741631933833
asum,AMD Instinct MI300A,float64,21000,100,42641,3.9398044778223014
asum,AMD Instinct MI300A,float64,22000,100,44391,3.964764953640409
asum,AMD Instinct MI300A,float64,23000,100,47183,3.899629471619281
asum,AMD Instinct MI300A,float64,24000,100,48615,3.949334969016233
asum,AMD Instinct MI300A,float64,25000,100,51363,3.8938376320327333
asum,AMD Instinct MI300A,float64,26000,100,53142,3.914016582634487
asum,AMD Instinct MI300A,float64,27000,100,56505,3.822611703881384
asum,AMD Instinct MI300A,float64,28000,100,58822,3.8080666411662203
asum,AMD Instinct MI300A,float64,29000,100,61324,3.7831695916655472
asum,AMD Instinct MI300A,float64,30000,100,63522,3.7782090533445336
asum,AMD Instinct MI300A,float64,31000,100,67305,3.684680495114084
asum,AMD Instinct MI300A,float64,32000,100,69739,3.670780856820476
asum,AMD Instinct MI300A,float64,33000,100,72502,3.6412452120728798
asum,AMD Instinct MI300A,float64,34000,100,75476,3.6037945837087286
asum,AMD Instinct MI300A,float64,35000,100,79508,3.521651553960192
asum,AMD Instinct MI300A,float64,36000,100,82366,3.496546371307243
asum,AMD Instinct MI300A,float64,37000,100,86372,3.4269992430499645
asum,AMD Instinct MI300A,float64,38000,100,89460,3.398144747105373
asum,AMD Instinct MI300A,float64,39000,100,92712,3.3652271296413843
asum,AMD Instinct MI300A,float64,40000,100,97005,3.2987901893155076
asum,AMD Instinct MI300A,float64,41000,100,100221,3.2727508568520727
asum,AMD Instinct MI300A,float64,42000,100,103866,3.2349357658253104
asum,AMD Instinct MI300A,float64,43000,100,104686,3.2859874129487965
asum,AMD Instinct MI300A,float64,44000,100,109287,3.2208768452902135
asum,AMD Instinct MI300A,float64,45000,100,113725,3.1655236488357996
asum,AMD Instinct MI300A,float64,46000,100,117723,3.12595828034919
asum,AMD Instinct MI300A,float64,47000,100,122247,3.07572097844574
asum,AMD Instinct MI300A,float64,48000,100,125862,3.0509433651952986
asum,AMD Instinct MI300A,float64,49000,100,130498,3.0038551262128736
asum,AMD Instinct MI300A,float64,50000,100,134004,2.9849721576721993
asum,AMD Instinct MI300A,float64,51000,100,139358,2.9276930847674065
asum,AMD Instinct MI300A,float64,52000,100,143457,2.8998090866075383
asum,AMD Instinct MI300A,float64,53000,100,148130,2.8623318945390017
asum,AMD Instinct MI300A,float64,54000,100,153754,2.809671304878994
asum,AMD Instinct MI300A,float64,55000,100,157707,2.7899825423183287
asum,AMD Instinct MI300A,float64,56000,100,165944,2.699699742769234
asum,AMD Instinct MI300A,float64,57000,100,170246,2.6784701048668036
asum,AMD Instinct MI300A,float64,58000,100,174100,2.665121508863137
asum,AMD Instinct MI300A,float64,59000,100,179544,2.6288769320783416
asum,AMD Instinct MI300A,float64,60000,100,187524,2.5596649910459717
asum,AMD Instinct MI300A,float64,61000,100,192150,2.5396812179644974
asum,AMD Instinct MI300A,float64,62000,100,199789,2.4826143170065236
asum,AMD Instinct MI300A,float64,63000,100,203728,2.4738814080154934
asum,AMD Instinct MI300A,float64,64000,100,207622,2.4660082199952904
asum,AMD Instinct MI300A,float64,65000,100,213094,2.4402267627646737
asum,AMD Instinct MI300A,float64,66000,100,221582,2.382861162774871
asum,AMD Instinct MI300A,float64,67000,100,224970,2.3825335399381076
asum,AMD Instinct MI300A,float64,68000,100,233870,2.3260746122638865
asum,AMD Instinct MI300A,float64,69000,100,238132,2.318041607587051
asum,AMD Instinct MI300A,float64,70000,100,246819,2.268866700272904
asum,AMD Instinct MI300A,float64,71000,100,250134,2.270775688579745
asum,AMD Instinct MI300A,float64,72000,100,259347,2.220957510306631
asum,AMD Instinct MI300A,float64,73000,100,266033,2.1952106892927734
asum,AMD Instinct MI300A,float64,74000,100,273231,2.166659523766041
asum,AMD Instinct MI300A,float64,75000,100,279248,2.1486251270106025
asum,AMD Instinct MI300A,float64,76000,100,287422,2.1153525398529984
asum,AMD Instinct MI300A,float64,77000,100,291250,2.115016521163144
asum,AMD Instinct MI300A,float64,78000,100,300945,2.073463062119491
asum,AMD Instinct MI300A,float64,79000,100,305728,2.0671938752447185
asum,AMD Instinct MI300A,float64,80000,100,314398,2.035633380646966
asum,AMD Instinct MI300A,float64,81000,100,548228,1.1819887460443734
asum,AMD Instinct MI300A,float64,82000,100,329121,1.9931858566205398
asum,AMD Instinct MI300A,float64,83000,100,335325,1.9801654815942873
asum,AMD Instinct MI300A,float64,84000,100,344720,1.9494069712533835
asum,AMD Instinct MI300A,float64,85000,100,350399,1.9406403770778409
asum,AMD Instinct MI300A,float64,86000,100,356271,1.9311089783459532
asum,AMD Instinct MI300A,float64,87000,100,361293,1.9264093365753474
asum,AMD Instinct MI300A,float64,88000,100,371159,1.8967584667229624
asum,AMD Instinct MI300A,float64,89000,100,377719,1.8849990662371197
asum,AMD Instinct MI300A,float64,90000,100,387184,1.8595789092035546
asum,AMD Instinct MI300A,float64,91000,100,392737,1.8536535434955475
asum,AMD Instinct MI300A,float64,92000,100,404171,1.8210112233672162
asum,AMD Instinct MI300A,float64,93000,100,409882,1.8151530144714538
asum,AMD Instinct MI300A,float64,94000,100,419501,1.792605037000846
asum,AMD Instinct MI300A,float64,95000,100,426071,1.7837394313438693
asum,AMD Instinct MI300A,float64,96000,100,438299,1.75222754207833
asum,AMD Instinct MI300A,float64,97000,100,443176,1.7509941461061558
asum,AMD Instinct MI300A,float64,98000,100,454185,1.7261675597015085
asum,AMD Instinct MI300A,float64,99000,100,462145,1.7137462180736869
asum,AMD Instinct MI300A,float64,100000,100,471635,1.6962268113073193
axpy,AMD Instinct MI300A,float64,1000,100,16836,1.4254490164401787
axpy,AMD Instinct MI300A,float64,2000,100,13448,3.5691527054549295
axpy,AMD Instinct MI300A,float64,3000,100,13688,5.259939642192606
axpy,AMD Instinct MI300A,float64,4000,100,13530,7.095259775198519
axpy,AMD Instinct MI300A,float64,5000,100,14161,8.473876099220615
axpy,AMD Instinct MI300A,float64,6000,100,13914,10.349236420400358
axpy,AMD Instinct MI300A,float64,7000,100,13772,12.198610810583167
axpy,AMD Instinct MI300A,float64,8000,100,13639,14.077113253308855
axpy,AMD Instinct MI300A,float64,9000,100,13529,15.96514867175137
axpy,AMD Instinct MI300A,float64,10000,100,13574,17.68024828962015
axpy,AMD Instinct MI300A,float64,11000,100,13533,19.50661562435578
axpy,AMD Instinct MI300A,float64,12000,100,13719,20.992064562260786
axpy,AMD Instinct MI300A,float64,13000,100,13747,22.695596763258738
axpy,AMD Instinct MI300A,float64,14000,100,13573,24.75490069674731
axpy,AMD Instinct MI300A,float64,15000,100,13839,26.013139525809372
axpy,AMD Instinct MI300A,float64,16000,100,13924,27.577351238503155
axpy,AMD Instinct MI300A,float64,17000,100,13731,29.71233651842784
axpy,AMD Instinct MI300A,float64,18000,100,13733,31.45670770601959
axpy,AMD Instinct MI300A,float64,19000,100,13824,32.9847510627817
axpy,AMD Instinct MI300A,float64,20000,100,13583,35.3363133624269
axpy,AMD Instinct MI300A,float64,21000,100,13697,36.7954116705701
axpy,AMD Instinct MI300A,float64,22000,100,13554,38.953105772437134
axpy,AMD Instinct MI300A,float64,23000,100,13820,39.941650458460686
axpy,AMD Instinct MI300A,float64,24000,100,13797,41.74772199496128
axpy,AMD Instinct MI300A,float64,25000,100,14058,42.68011185034646
axpy,AMD Instinct MI300A,float64,26000,100,13943,44.75148938550611
axpy,AMD Instinct MI300A,float64,27000,100,13817,46.89650780233411
axpy,AMD Instinct MI300A,float64,28000,100,13875,48.42974479974805
axpy,AMD Instinct MI300A,float64,29000,100,13955,49.872202481142075
axpy,AMD Instinct MI300A,float64,30000,100,13530,53.21287515076982
axpy,AMD Instinct MI300A,float64,31000,100,13906,53.500700398954145
axpy,AMD Instinct MI300A,float64,32000,100,13777,55.74479914814979
axpy,AMD Instinct MI300A,float64,33000,100,13831,57.26196699194645
axpy,AMD Instinct MI300A,float64,34000,100,14525,56.177183939659095
axpy,AMD Instinct MI300A,float64,35000,100,13741,61.127496676192365
axpy,AMD Instinct MI300A,float64,36000,100,13706,63.03734962965557
axpy,AMD Instinct MI300A,float64,37000,100,13649,65.05704213176102
axpy,AMD Instinct MI300A,float64,38000,100,14295,63.79643341562048
axpy,AMD Instinct MI300A,float64,39000,100,13855,67.55362068641985
axpy,AMD Instinct MI300A,float64,40000,100,13807,69.5280853631068
axpy,AMD Instinct MI300A,float64,41000,100,13632,72.18166893701489
axpy,AMD Instinct MI300A,float64,42000,100,13875,72.64566428622392
axpy,AMD Instinct MI300A,float64,43000,100,13909,74.19245609381032
axpy,AMD Instinct MI300A,float64,44000,100,13834,76.33223605744
axpy,AMD Instinct MI300A,float64,45000,100,13939,77.47783811005728
axpy,AMD Instinct MI300A,float64,46000,100,13824,79.86070672385195
axpy,AMD Instinct MI300A,float64,47000,100,14196,79.45525253457325
axpy,AMD Instinct MI300A,float64,48000,100,13805,83.44337186553159
axpy,AMD Instinct MI300A,float64,49000,100,13943,84.34055511289515
axpy,AMD Instinct MI300A,float64,50000,100,13796,86.97757283284506
axpy,AMD Instinct MI300A,float64,51000,100,13789,88.76016409027721
axpy,AMD Instinct MI300A,float64,52000,100,13699,91.0978162802309
axpy,AMD Instinct MI300A,float64,53000,100,13826,91.9941910586275
axpy,AMD Instinct MI300A,float64,54000,100,13807,93.85951634828542
axpy,AMD Instinct MI300A,float64,55000,100,13570,97.2715334857254
axpy,AMD Instinct MI300A,float64,56000,100,14018,95.87625115297612
axpy,AMD Instinct MI300A,float64,57000,100,14146,96.70188604022036
axpy,AMD Instinct MI300A,float64,58000,100,13863,100.4063137682879
axpy,AMD Instinct MI300A,float64,59000,100,14042,100.83624293843648
axpy,AMD Instinct MI300A,float64,60000,100,13818,104.20541202385725
axpy,AMD Instinct MI300A,float64,61000,100,13843,105.75612377800749
axpy,AMD Instinct MI300A,float64,62000,100,13729,108.38166077414223
axpy,AMD Instinct MI300A,float64,63000,100,13930,108.53827230328694
axpy,AMD Instinct MI300A,float64,64000,100,13776,111.4920260699714
axpy,AMD Instinct MI300A,float64,65000,100,13883,112.36634887158255
axpy,AMD Instinct MI300A,float64,66000,100,13941,113.61549761292692
axpy,AMD Instinct MI300A,float64,67000,100,13936,115.37749536122196
axpy,AMD Instinct MI300A,float64,68000,100,13744,118.73702223263435
axpy,AMD Instinct MI300A,float64,69000,100,13793,120.05776692553518
axpy,AMD Instinct MI300A,float64,70000,100,13964,120.30359471437563
axpy,AMD Instinct MI300A,float64,71000,100,13958,122.07991505989008
axpy,AMD Instinct MI300A,float64,72000,100,14120,122.37639665249564
axpy,AMD Instinct MI300A,float64,73000,100,13650,128.34732309387377
axpy,AMD Instinct MI300A,float64,74000,100,13930,127.49122959404524
axpy,AMD Instinct MI300A,float64,75000,100,13847,129.9913989024393
axpy,AMD Instinct MI300A,float64,76000,100,14185,128.5795554277279
axpy,AMD Instinct MI300A,float64,77000,100,13769,134.2129803125245
axpy,AMD Instinct MI300A,float64,78000,100,13831,135.3406941705177
axpy,AMD Instinct MI300A,float64,79000,100,13829,137.0976372350241
axpy,AMD Instinct MI300A,float64,80000,100,13846,138.65959502732028
axpy,AMD Instinct MI300A,float64,81000,100,13995,138.90506510460395
axpy,AMD Instinct MI300A,float64,82000,100,14054,140.02861763720207
axpy,AMD Instinct MI300A,float64,83000,100,13933,142.96725963629473
axpy,AMD Instinct MI300A,float64,84000,100,13929,144.7271505550028
axpy,AMD Instinct MI300A,float64,85000,100,14076,144.91868214928613
axpy,AMD Instinct MI300A,float64,86000,100,13914,148.33479104845532
axpy,AMD Instinct MI300A,float64,87000,100,13894,150.2788579670466
axpy,AMD Instinct MI300A,float64,88000,100,13856,152.4242822274153
axpy,AMD Instinct MI300A,float64,89000,100,14152,150.9266514845007
axpy,AMD Instinct MI300A,float64,90000,100,13782,156.72195710897327
axpy,AMD Instinct MI300A,float64,91000,100,13977,156.2515650196817
axpy,AMD Instinct MI300A,float64,92000,100,13970,158.0419970839534
axpy,AMD Instinct MI300A,float64,93000,100,13985,159.5976309190378
axpy,AMD Instinct MI300A,float64,94000,100,13950,161.71730009526698
axpy,AMD Instinct MI300A,float64,95000,100,14500,157.2330296942852
axpy,AMD Instinct MI300A,float64,96000,100,14063,163.82520476372977
axpy,AMD Instinct MI300A,float64,97000,100,13996,166.33014819673255
axpy,AMD Instinct MI300A,float64,98000,100,13998,168.01608153923306
axpy,AMD Instinct MI300A,float64,99000,100,14011,169.57898590909966
axpy,AMD Instinct MI300A,float64,100000,100,14292,167.91471611568485
copy,AMD Instinct MI300A,float64,1000,100,16943,0.9443037825268389
copy,AMD Instinct MI300A,float64,2000,100,13337,2.3992754188235152
copy,AMD Instinct MI300A,float64,3000,100,13567,3.5379522774462178
copy,AMD Instinct MI300A,float64,4000,100,13568,4.716647407023088
copy,AMD Instinct MI300A,float64,5000,100,13554,5.90215554098051
copy,AMD Instinct MI300A,float64,6000,100,13512,7.104343566054854
copy,AMD Instinct MI300A,float64,7000,100,13274,8.43712122410576
copy,AMD Instinct MI300A,float64,8000,100,13448,9.517818397050666
copy,AMD Instinct MI300A,float64,9000,100,13430,10.722135849461212
copy,AMD Instinct MI300A,float64,10000,100,13559,11.799618872310424
copy,AMD Instinct MI300A,float64,11000,100,13745,12.80394827204898
copy,AMD Instinct MI300A,float64,12000,100,13326,14.407535140878679
copy,AMD Instinct MI300A,float64,13000,100,13313,15.623286508540982
copy,AMD Instinct MI300A,float64,14000,100,13422,16.688321750843357
copy,AMD Instinct MI300A,float64,15000,100,13336,17.995375188576535
copy,AMD Instinct MI300A,float64,16000,100,13112,19.52341513339221
copy,AMD Instinct MI300A,float64,17000,100,13804,19.704190835088237
copy,AMD Instinct MI300A,float64,18000,100,13335,21.596717298970557
copy,AMD Instinct MI300A,float64,19000,100,13507,22.506081824414068
copy,AMD Instinct MI300A,float64,20000,100,13291,24.07506605596249
copy,AMD Instinct MI300A,float64,21000,100,13373,25.123448851349938
copy,AMD Instinct MI300A,float64,22000,100,13335,26.396581642677273
copy,AMD Instinct MI300A,float64,23000,100,13514,27.2302942943654
copy,AMD Instinct MI300A,float64,24000,100,13231,29.020665888247763
copy,AMD Instinct MI300A,float64,25000,100,13515,29.596393975358044
copy,AMD Instinct MI300A,float64,26000,100,13384,31.081285031820958
copy,AMD Instinct MI300A,float64,27000,100,13147,32.85880752953489
copy,AMD Instinct MI300A,float64,28000,100,13366,33.51622619263152
copy,AMD Instinct MI300A,float64,29000,100,13379,34.678728486482775
copy,AMD Instinct MI300A,float64,30000,100,13253,36.216411164915954
copy,AMD Instinct MI300A,float64,31000,100,13479,36.79588004839845
copy,AMD Instinct MI300A,float64,32000,100,13368,38.298528049931704
copy,AMD Instinct MI300A,float64,33000,100,13309,39.670762723007165
copy,AMD Instinct MI300A,float64,34000,100,13514,40.25377638139269
copy,AMD Instinct MI300A,float64,35000,100,13637,41.06216077889053
copy,AMD Instinct MI300A,float64,36000,100,13390,43.01473553405482
copy,AMD Instinct MI300A,float64,37000,100,13444,44.03267938854079
copy,AMD Instinct MI300A,float64,38000,100,13259,45.855437715795844
copy,AMD Instinct MI300A,float64,39000,100,13341,46.770441081236655
copy,AMD Instinct MI300A,float64,40000,100,13368,47.874234386267275
copy,AMD Instinct MI300A,float64,41000,100,13502,48.58337974428553
copy,AMD Instinct MI300A,float64,42000,100,13564,49.54195805742444
copy,AMD Instinct MI300A,float64,43000,100,13416,51.2783819881702
copy,AMD Instinct MI300A,float64,44000,100,13364,52.67505477008536
copy,AMD Instinct MI300A,float64,45000,100,13450,53.530563721444786
copy,AMD Instinct MI300A,float64,46000,100,13371,55.04425228815068
copy,AMD Instinct MI300A,float64,47000,100,13218,56.89185856320822
copy,AMD Instinct MI300A,float64,48000,100,13363,57.47100632630062
copy,AMD Instinct MI300A,float64,49000,100,13235,59.23302301474932
copy,AMD Instinct MI300A,float64,50000,100,13314,60.085501668874805
copy,AMD Instinct MI300A,float64,51000,100,13279,61.44735633291816
copy,AMD Instinct MI300A,float64,52000,100,13474,61.74736126510844
copy,AMD Instinct MI300A,float64,53000,100,13456,63.019464691264076
copy,AMD Instinct MI300A,float64,54000,100,13385,64.54909765740567
copy,AMD Instinct MI300A,float64,55000,100,13183,66.74883853228407
copy,AMD Instinct MI300A,float64,56000,100,13316,67.28413881558889
copy,AMD Instinct MI300A,float64,57000,100,13499,67.55570567934596
copy,AMD Instinct MI300A,float64,58000,100,13774,67.3719914013592
copy,AMD Instinct MI300A,float64,59000,100,13427,70.30573311973498
copy,AMD Instinct MI300A,float64,60000,100,13589,70.64350344681426
copy,AMD Instinct MI300A,float64,61000,100,13571,71.91668275458579
copy,AMD Instinct MI300A,float64,62000,100,13595,72.96446071761136
copy,AMD Instinct MI300A,float64,63000,100,13217,76.26333851843333
copy,AMD Instinct MI300A,float64,64000,100,13499,75.85600988498629
copy,AMD Instinct MI300A,float64,65000,100,13385,77.69566607598038
copy,AMD Instinct MI300A,float64,66000,100,13326,79.24209736422475
copy,AMD Instinct MI300A,float64,67000,100,13282,80.71037173450505
copy,AMD Instinct MI300A,float64,68000,100,13703,79.39368907738404
copy,AMD Instinct MI300A,float64,69000,100,13406,82.34590351506617
copy,AMD Instinct MI300A,float64,70000,100,13309,84.14814280540892
copy,AMD Instinct MI300A,float64,71000,100,13323,85.2644172672454
copy,AMD Instinct MI300A,float64,72000,100,13454,85.62280182780897
copy,AMD Instinct MI300A,float64,73000,100,13449,86.8404069603181
copy,AMD Instinct MI300A,float64,74000,100,13517,87.58782825092138
copy,AMD Instinct MI300A,float64,75000,100,13382,89.66626217219509
copy,AMD Instinct MI300A,float64,76000,100,13514,89.97969537137344
copy,AMD Instinct MI300A,float64,77000,100,13454,91.56542691637074
copy,AMD Instinct MI300A,float64,78000,100,13557,92.05121528994289
copy,AMD Instinct MI300A,float64,79000,100,13714,92.16274014992486
copy,AMD Instinct MI300A,float64,80000,100,13561,94.38233398663604
copy,AMD Instinct MI300A,float64,81000,100,13287,97.53564453676212
copy,AMD Instinct MI300A,float64,82000,100,13658,96.05838475483147
copy,AMD Instinct MI300A,float64,83000,100,13242,100.28348207206214
copy,AMD Instinct MI300A,float64,84000,100,13438,100.01145964641782
copy,AMD Instinct MI300A,float64,85000,100,13510,100.66274575403058
copy,AMD Instinct MI300A,float64,86000,100,13350,103.06838167659897
copy,AMD Instinct MI300A,float64,87000,100,13790,100.94146772664877
copy,AMD Instinct MI300A,float64,88000,100,13399,105.08042981478081
copy,AMD Instinct MI300A,float64,89000,100,13611,104.61388367288767
copy,AMD Instinct MI300A,float64,90000,100,13267,108.53949556269437
copy,AMD Instinct MI300A,float64,91000,100,13717,106.14055166843325
copy,AMD Instinct MI300A,float64,92000,100,13324,110.47683663988305
copy,AMD Instinct MI300A,float64,93000,100,13458,110.5599624333891
copy,AMD Instinct MI300A,float64,94000,100,13516,111.27420805909371
copy,AMD Instinct MI300A,float64,95000,100,13570,112.00881922071338
copy,AMD Instinct MI300A,float64,96000,100,13618,112.78965683600046
copy,AMD Instinct MI300A,float64,97000,100,13412,115.71321315164172
copy,AMD Instinct MI300A,float64,98000,100,13666,114.7292448357206
copy,AMD Instinct MI300A,float64,99000,100,13304,119.05602999249886
copy,AMD Instinct MI300A,float64,100000,100,13495,118.56102484149874
dot,AMD Instinct MI300A,float64,1000,100,17428,0.9180360225859814
dot,AMD Instinct MI300A,float64,2000,100,15382,2.0802738680547295
dot,AMD Instinct MI300A,float64,3000,100,15934,3.0123336234796345
dot,AMD Instinct MI300A,float64,4000,100,17252,3.7095621499462985
dot,AMD Instinct MI300A,float64,5000,100,18097,4.4204219071689295
dot,AMD Instinct MI300A,float64,6000,100,19539,4.913039206052864
dot,AMD Instinct MI300A,float64,7000,100,20543,5.451968160505943
dot,AMD Instinct MI300A,float64,8000,100,21377,5.987586983734345
dot,AMD Instinct MI300A,float64,9000,100,22530,6.3914014346033134
dot,AMD Instinct MI300A,float64,10000,100,23663,6.761499514651113
dot,AMD Instinct MI300A,float64,11000,100,24991,7.042535312712577
dot,AMD Instinct MI300A,float64,12000,100,26088,7.359505318584169
dot,AMD Instinct MI300A,float64,13000,100,27700,7.508881599016337
dot,AMD Instinct MI300A,float64,14000,100,29620,7.562442479859932
dot,AMD Instinct MI300A,float64,15000,100,30652,7.82981633208339
dot,AMD Instinct MI300A,float64,16000,100,33144,7.723778375834228
dot,AMD Instinct MI300A,float64,17000,100,34698,7.838975906965189
dot,AMD Instinct MI300A,float64,18000,100,37143,7.753680642586283
dot,AMD Instinct MI300A,float64,19000,100,38687,7.8578433425197725
dot,AMD Instinct MI300A,float64,20000,100,41022,7.800618150234543
dot,AMD Instinct MI300A,float64,21000,100,42603,7.886748174018281
dot,AMD Instinct MI300A,float64,22000,100,44332,7.939939769240989
dot,AMD Instinct MI300A,float64,23000,100,46593,7.898138056877754
dot,AMD Instinct MI300A,float64,24000,100,49234,7.799363011399053
dot,AMD Instinct MI300A,float64,25000,100,50997,7.843489442957341
dot,AMD Instinct MI300A,float64,26000,100,53801,7.732147985134202
dot,AMD Instinct MI300A,float64,27000,100,56016,7.712003787450749
dot,AMD Instinct MI300A,float64,28000,100,59090,7.5816281580315925
dot,AMD Instinct MI300A,float64,29000,100,60845,7.62588211240879
dot,AMD Instinct MI300A,float64,30000,100,64327,7.461819965871501
dot,AMD Instinct MI300A,float64,31000,100,66647,7.442128448736338
dot,AMD Instinct MI300A,float64,32000,100,69334,7.38450923229517
dot,AMD Instinct MI300A,float64,33000,100,72744,7.25827371032642
dot,AMD Instinct MI300A,float64,34000,100,76197,7.139339968019956
dot,AMD Instinct MI300A,float64,35000,100,79287,7.062908442634995
dot,AMD Instinct MI300A,float64,36000,100,82549,6.977666258949675
dot,AMD Instinct MI300A,float64,37000,100,86403,6.851540201932945
dot,AMD Instinct MI300A,float64,38000,100,88952,6.835073279180366
dot,AMD Instinct MI300A,float64,39000,100,92525,6.744122481045936
dot,AMD Instinct MI300A,float64,40000,100,96311,6.645079847902428
dot,AMD Instinct MI300A,float64,41000,100,99471,6.59485446533474
dot,AMD Instinct MI300A,float64,42000,100,103076,6.5194468210566106
dot,AMD Instinct MI300A,float64,43000,100,104946,6.555729993874966
dot,AMD Instinct MI300A,float64,44000,100,110454,6.373681331505487
dot,AMD Instinct MI300A,float64,45000,100,113768,6.328654406773911
dot,AMD Instinct MI300A,float64,46000,100,117253,6.276997592652024
dot,AMD Instinct MI300A,float64,47000,100,122534,6.137033594627876
dot,AMD Instinct MI300A,float64,48000,100,130788,5.872072765991707
dot,AMD Instinct MI300A,float64,49000,100,130635,6.001433301494096
dot,AMD Instinct MI300A,float64,50000,100,135465,5.905548720703126
dot,AMD Instinct MI300A,float64,51000,100,139289,5.858282545397921
dot,AMD Instinct MI300A,float64,52000,100,143477,5.798809738543378
dot,AMD Instinct MI300A,float64,53000,100,149322,5.678972379232936
dot,AMD Instinct MI300A,float64,54000,100,153931,5.612899378254458
dot,AMD Instinct MI300A,float64,55000,100,159567,5.5148933140754925
dot,AMD Instinct MI300A,float64,56000,100,164989,5.430646312976026
dot,AMD Instinct MI300A,float64,57000,100,169260,5.388146538443746
dot,AMD Instinct MI300A,float64,58000,100,174342,5.322840912617135
dot,AMD Instinct MI300A,float64,59000,100,181196,5.209811642681757
dot,AMD Instinct MI300A,float64,60000,100,186504,5.1473167413152705
dot,AMD Instinct MI300A,float64,61000,100,191920,5.085441672693471
dot,AMD Instinct MI300A,float64,62000,100,199509,4.972192063549427
dot,AMD Instinct MI300A,float64,63000,100,203749,4.947250433056192
dot,AMD Instinct MI300A,float64,64000,100,207023,4.946289526903347
dot,AMD Instinct MI300A,float64,65000,100,213170,4.878713539532473
dot,AMD Instinct MI300A,float64,66000,100,218983,4.822276286109306
dot,AMD Instinct MI300A,float64,67000,100,225784,4.7478880313360605
dot,AMD Instinct MI300A,float64,68000,100,233102,4.667478613467135
dot,AMD Instinct MI300A,float64,69000,100,238886,4.621446206240576
dot,AMD Instinct MI300A,float64,70000,100,245065,4.570209910965374
dot,AMD Instinct MI300A,float64,71000,100,251359,4.519432365660271
dot,AMD Instinct MI300A,float64,72000,100,258572,4.455233776210127
dot,AMD Instinct MI300A,float64,73000,100,264746,4.411772982400463
dot,AMD Instinct MI300A,float64,74000,100,272624,4.342973573115849
dot,AMD Instinct MI300A,float64,75000,100,278589,4.307420145007145
dot,AMD Instinct MI300A,float64,76000,100,285560,4.258299183478135
dot,AMD Instinct MI300A,float64,77000,100,291458,4.227011371209551
dot,AMD Instinct MI300A,float64,78000,100,299911,4.161231863339277
dot,AMD Instinct MI300A,float64,79000,100,306126,4.129012565591357
dot,AMD Instinct MI300A,float64,80000,100,312919,4.0905122995952565
dot,AMD Instinct MI300A,float64,81000,100,320667,4.041571555120019
dot,AMD Instinct MI300A,float64,82000,100,327473,4.006429586603037
dot,AMD Instinct MI300A,float64,83000,100,335317,3.960427810899473
dot,AMD Instinct MI300A,float64,84000,100,344232,3.9043365500922023
dot,AMD Instinct MI300A,float64,85000,100,349669,3.889389314114488
dot,AMD Instinct MI300A,float64,86000,100,355795,3.86739381165275
dot,AMD Instinct MI300A,float64,87000,100,363671,3.827627523996571
dot,AMD Instinct MI300A,float64,88000,100,370181,3.803538279303595
dot,AMD Instinct MI300A,float64,89000,100,377644,3.7707468530813752
dot,AMD Instinct MI300A,float64,90000,100,387134,3.7196372020857966
dot,AMD Instinct MI300A,float64,91000,100,394715,3.6887288457987712
dot,AMD Instinct MI300A,float64,92000,100,403498,3.6480962129861667
dot,AMD Instinct MI300A,float64,93000,100,411586,3.6152769065222294
dot,AMD Instinct MI300A,float64,94000,100,418813,3.591100574669212
dot,AMD Instinct MI300A,float64,95000,100,428093,3.5506293583975377
dot,AMD Instinct MI300A,float64,96000,100,437296,3.512488221959253
dot,AMD Instinct MI300A,float64,97000,100,446082,3.479179865842645
dot,AMD Instinct MI300A,float64,98000,100,454214,3.452114775859229
dot,AMD Instinct MI300A,float64,99000,100,463932,3.4142908246365917
dot,AMD Instinct MI300A,float64,100000,100,471621,3.392551449739011
dotc,AMD Instinct MI300A,float64,1000,100,18306,1.7479824458862872
dotc,AMD Instinct MI300A,float64,2000,100,16852,3.797631346123835
dotc,AMD Instinct MI300A,float64,3000,100,17692,5.426024911106452
dotc,AMD Instinct MI300A,float64,4000,100,18731,6.833292226809782
dotc,AMD Instinct MI300A,float64,5000,100,19519,8.19712444874338
dotc,AMD Instinct MI300A,float64,6000,100,20617,9.312364346255046
dotc,AMD Instinct MI300A,float64,7000,100,21941,10.208797248729141
dotc,AMD Instinct MI300A,float64,8000,100,22810,11.222965694988726
dotc,AMD Instinct MI300A,float64,9000,100,23800,12.10039292664809
dotc,AMD Instinct MI300A,float64,10000,100,25819,12.393968630090775
dotc,AMD Instinct MI300A,float64,11000,100,27131,12.973792202603457
dotc,AMD Instinct MI300A,float64,12000,100,29259,13.123965077949174
dotc,AMD Instinct MI300A,float64,13000,100,32094,12.961847611670525
dotc,AMD Instinct MI300A,float64,14000,100,34054,13.155572574272457
dotc,AMD Instinct MI300A,float64,15000,100,35301,13.596994157824843
dotc,AMD Instinct MI300A,float64,16000,100,38363,13.34592855340561
dotc,AMD Instinct MI300A,float64,17000,100,39424,13.798536797070449
dotc,AMD Instinct MI300A,float64,18000,100,42206,13.647057708573715
dotc,AMD Instinct MI300A,float64,19000,100,44501,13.662417834488796
dotc,AMD Instinct MI300A,float64,20000,100,46643,13.721167860050947
dotc,AMD Instinct MI300A,float64,21000,100,48891,13.744582701583635
dotc,AMD Instinct MI300A,float64,22000,100,50653,13.898455593348562
dotc,AMD Instinct MI300A,float64,23000,100,52372,14.05316871268201
dotc,AMD Instinct MI300A,float64,24000,100,55465,13.846430109062272
dotc,AMD Instinct MI300A,float64,25000,100,57781,13.845264287923348
dotc,AMD Instinct MI300A,float64,26000,100,60662,13.715223172397058
dotc,AMD Instinct MI300A,float64,27000,100,64241,13.449319182698572
dotc,AMD Instinct MI300A,float64,28000,100,65374,13.705591055143895
dotc,AMD Instinct MI300A,float64,29000,100,69260,13.398684647662963
dotc,AMD Instinct MI300A,float64,30000,100,72183,13.29950088081486
dotc,AMD Instinct MI300A,float64,31000,100,74459,13.322752131405313
dotc,AMD Instinct MI300A,float64,32000,100,81475,12.568260135491736
dotc,AMD Instinct MI300A,float64,33000,100,82802,12.753285873235962
dotc,AMD Instinct MI300A,float64,34000,100,86820,12.531567917988259
dotc,AMD Instinct MI300A,float64,35000,100,89793,12.472997908434163
dotc,AMD Instinct MI300A,float64,36000,100,93545,12.314848339756404
dotc,AMD Instinct MI300A,float64,37000,100,97012,12.204580098535493
dotc,AMD Instinct MI300A,float64,38000,100,100352,12.117237058696155
dotc,AMD Instinct MI300A,float64,39000,100,103760,12.027738973006496
dotc,AMD Instinct MI300A,float64,40000,100,108018,11.849832991416278
dotc,AMD Instinct MI300A,float64,41000,100,112703,11.641200800510013
dotc,AMD Instinct MI300A,float64,42000,100,116521,11.534353019344328
dotc,AMD Instinct MI300A,float64,43000,100,117969,11.664069376799624
dotc,AMD Instinct MI300A,float64,44000,100,123169,11.431376383994222
dotc,AMD Instinct MI300A,float64,45000,100,127544,11.290183350225487
dotc,AMD Instinct MI300A,float64,46000,100,132524,11.107347457522884
dotc,AMD Instinct MI300A,float64,47000,100,137559,10.933487177578442
dotc,AMD Instinct MI300A,float64,48000,100,141306,10.870004442123559
dotc,AMD Instinct MI300A,float64,49000,100,146357,10.713496306474319
dotc,AMD Instinct MI300A,float64,50000,100,151393,10.5685196430139
dotc,AMD Instinct MI300A,float64,51000,100,156836,10.40574233749699
dotc,AMD Instinct MI300A,float64,52000,100,162326,10.25096127403678
dotc,AMD Instinct MI300A,float64,53000,100,168365,10.073321425907158
dotc,AMD Instinct MI300A,float64,54000,100,174326,9.912423622567491
dotc,AMD Instinct MI300A,float64,55000,100,179528,9.803476502153005
dotc,AMD Instinct MI300A,float64,56000,100,186193,9.6244152509816
dotc,AMD Instinct MI300A,float64,57000,100,190611,9.569203281984905
dotc,AMD Instinct MI300A,float64,58000,100,197638,9.390889026255378
dotc,AMD Instinct MI300A,float64,59000,100,203447,9.280034021548456
dotc,AMD Instinct MI300A,float64,60000,100,208217,9.22112296084111
dotc,AMD Instinct MI300A,float64,61000,100,212987,9.164867850070838
dotc,AMD Instinct MI300A,float64,62000,100,221064,8.974742027056767
dotc,AMD Instinct MI300A,float64,63000,100,226647,8.89485330374971
dotc,AMD Instinct MI300A,float64,64000,100,229539,8.92222136301308
dotc,AMD Instinct MI300A,float64,65000,100,234733,8.861119881111037
dotc,AMD Instinct MI300A,float64,66000,100,243801,8.66277017014468
dotc,AMD Instinct MI300A,float64,67000,100,249335,8.598859552187918
dotc,AMD Instinct MI300A,float64,68000,100,255832,8.505566494572268
dotc,AMD Instinct MI300A,float64,69000,100,261415,8.446313293269196
dotc,AMD Instinct MI300A,float64,70000,100,270780,8.272393979853913
dotc,AMD Instinct MI300A,float64,71000,100,277347,8.191882738390639
dotc,AMD Instinct MI300A,float64,72000,100,286644,8.0378271869248
dotc,AMD Instinct MI300A,float64,73000,100,290713,8.035400341463236
dotc,AMD Instinct MI300A,float64,74000,100,300436,7.881862595968667
dotc,AMD Instinct MI300A,float64,75000,100,307929,7.793984466394109
dotc,AMD Instinct MI300A,float64,76000,100,312156,7.790965324950528
dotc,AMD Instinct MI300A,float64,77000,100,318449,7.737480597812071
dotc,AMD Instinct MI300A,float64,78000,100,327092,7.630873143093057
dotc,AMD Instinct MI300A,float64,79000,100,333785,7.573737585571551
dotc,AMD Instinct MI300A,float64,80000,100,342074,7.483739164912349
dotc,AMD Instinct MI300A,float64,81000,100,347614,7.456541052142107
dotc,AMD Instinct MI300A,float64,82000,100,357609,7.337621293061127
dotc,AMD Instinct MI300A,float64,83000,100,364755,7.281588599181638
dotc,AMD Instinct MI300A,float64,84000,100,373835,7.190319326414738
dotc,AMD Instinct MI300A,float64,85000,100,381468,7.130336735919538
dotc,AMD Instinct MI300A,float64,86000,100,384768,7.152354321395564
dotc,AMD Instinct MI300A,float64,87000,100,396536,7.02079393225867
dotc,AMD Instinct MI300A,float64,88000,100,401648,7.011114034898368
dotc,AMD Instinct MI300A,float64,89000,100,412036,6.912001795567208
dotc,AMD Instinct MI300A,float64,90000,100,423055,6.8076245205529515
dotc,AMD Instinct MI300A,float64,91000,100,428175,6.800957075894874
dotc,AMD Instinct MI300A,float64,92000,100,442416,6.654360018507439
dotc,AMD Instinct MI300A,float64,93000,100,457591,6.503619014851197
dotc,AMD Instinct MI300A,float64,94000,100,457832,6.570081517500116
dotc,AMD Instinct MI300A,float64,95000,100,466453,6.51726717781193
dotc,AMD Instinct MI300A,float64,96000,100,475424,6.4615952917350326
dotc,AMD Instinct MI300A,float64,97000,100,482755,6.429753452098171
dotc,AMD Instinct MI300A,float64,98000,100,492123,6.3723791177867835
dotc,AMD Instinct MI300A,float64,99000,100,498734,6.352077489249941
dotc,AMD Instinct MI300A,float64,100000,100,509779,6.277222548724978
dotu,AMD Instinct MI300A,float64,1000,100,18315,1.7471712205956544
dotu,AMD Instinct MI300A,float64,2000,100,16573,3.8614721017690967
dotu,AMD Instinct MI300A,float64,3000,100,17501,5.485397699904177
dotu,AMD Instinct MI300A,float64,4000,100,18770,6.8191274393697
dotu,AMD Instinct MI300A,float64,5000,100,19900,8.040063637103687
dotu,AMD Instinct MI300A,float64,6000,100,20703,9.27381668272679
dotu,AMD Instinct MI300A,float64,7000,100,22141,10.11667141638368
dotu,AMD Instinct MI300A,float64,8000,100,23211,11.02902529265691
dotu,AMD Instinct MI300A,float64,9000,100,23782,12.109596897588549
dotu,AMD Instinct MI300A,float64,10000,100,25619,12.490480887417442
dotu,AMD Instinct MI300A,float64,11000,100,27287,12.899665158407522
dotu,AMD Instinct MI300A,float64,12000,100,29689,12.933839369798676
dotu,AMD Instinct MI300A,float64,13000,100,31672,13.13455531005444
dotu,AMD Instinct MI300A,float64,14000,100,33906,13.212727867943505
dotu,AMD Instinct MI300A,float64,15000,100,35340,13.58225840133423
dotu,AMD Instinct MI300A,float64,16000,100,38124,13.429737162731955
dotu,AMD Instinct MI300A,float64,17000,100,39649,13.72029958677686
dotu,AMD Instinct MI300A,float64,18000,100,42251,13.632713399892218
dotu,AMD Instinct MI300A,float64,19000,100,44740,13.589525694261601
dotu,AMD Instinct MI300A,float64,20000,100,46623,13.727024392922345
dotu,AMD Instinct MI300A,float64,21000,100,49203,13.657456757992103
dotu,AMD Instinct MI300A,float64,22000,100,50288,13.999280150651343
dotu,AMD Instinct MI300A,float64,23000,100,52153,14.112074413581952
dotu,AMD Instinct MI300A,float64,24000,100,54840,14.004184844299175
dotu,AMD Instinct MI300A,float64,25000,100,57498,13.913336263250061
dotu,AMD Instinct MI300A,float64,26000,100,60595,13.73049901947404
dotu,AMD Instinct MI300A,float64,27000,100,63718,13.559671027314575
dotu,AMD Instinct MI300A,float64,28000,100,65314,13.718286414548244
dotu,AMD Instinct MI300A,float64,29000,100,68049,13.637189910066551
dotu,AMD Instinct MI300A,float64,30000,100,71581,13.411237723129469
dotu,AMD Instinct MI300A,float64,31000,100,74097,13.38782393607962
dotu,AMD Instinct MI300A,float64,32000,100,77833,13.156368189700439
dotu,AMD Instinct MI300A,float64,33000,100,82551,12.792064268493801
dotu,AMD Instinct MI300A,float64,34000,100,86602,12.563085336720134
dotu,AMD Instinct MI300A,float64,35000,100,89445,12.521553562566456
dotu,AMD Instinct MI300A,float64,36000,100,94171,12.23302251332757
dotu,AMD Instinct MI300A,float64,37000,100,97054,12.199287310216851
dotu,AMD Instinct MI300A,float64,38000,100,99791,12.185430994485491
dotu,AMD Instinct MI300A,float64,39000,100,103415,12.067865498223954
dotu,AMD Instinct MI300A,float64,40000,100,107669,11.888245293137194
dotu,AMD Instinct MI300A,float64,41000,100,111810,11.734156250665189
dotu,AMD Instinct MI300A,float64,42000,100,115994,11.58671731142639
dotu,AMD Instinct MI300A,float64,43000,100,117716,11.689109445318627
dotu,AMD Instinct MI300A,float64,44000,100,122767,11.46879879890398
dotu,AMD Instinct MI300A,float64,45000,100,126210,11.409491318129815
dotu,AMD Instinct MI300A,float64,46000,100,131302,11.21075635515463
dotu,AMD Instinct MI300A,float64,47000,100,136673,11.004364869618762
dotu,AMD Instinct MI300A,float64,48000,100,140795,10.90945584898472
dotu,AMD Instinct MI300A,float64,49000,100,145601,10.769131657716887
dotu,AMD Instinct MI300A,float64,50000,100,151118,10.587751916531987
dotu,AMD Instinct MI300A,float64,51000,100,155656,10.484640964648642
dotu,AMD Instinct MI300A,float64,52000,100,160202,10.38685932459697
dotu,AMD Instinct MI300A,float64,53000,100,166285,10.199326471600138
dotu,AMD Instinct MI300A,float64,54000,100,172308,10.02853838811906
dotu,AMD Instinct MI300A,float64,55000,100,178081,9.883108100481785
dotu,AMD Instinct MI300A,float64,56000,100,184229,9.72698175175885
dotu,AMD Instinct MI300A,float64,57000,100,189186,9.641266141390332
dotu,AMD Instinct MI300A,float64,58000,100,196136,9.462785531013438
dotu,AMD Instinct MI300A,float64,59000,100,201942,9.349195008559862
dotu,AMD Instinct MI300A,float64,60000,100,206001,9.320299218497764
dotu,AMD Instinct MI300A,float64,61000,100,211554,9.226952495469954
dotu,AMD Instinct MI300A,float64,62000,100,220253,9.00781709627386
dotu,AMD Instinct MI300A,float64,63000,100,224268,8.98921334528982
dotu,AMD Instinct MI300A,float64,64000,100,227343,9.008401522050372
dotu,AMD Instinct MI300A,float64,65000,100,232980,8.927790017005293
dotu,AMD Instinct MI300A,float64,66000,100,241800,8.734462778223346
dotu,AMD Instinct MI300A,float64,67000,100,246965,8.681376281581088
dotu,AMD Instinct MI300A,float64,68000,100,254190,8.560524243986901
dotu,AMD Instinct MI300A,float64,69000,100,259777,8.499584317204487
dotu,AMD Instinct MI300A,float64,70000,100,268991,8.32740934815642
dotu,AMD Instinct MI300A,float64,71000,100,276686,8.21145597860858
dotu,AMD Instinct MI300A,float64,72000,100,283470,8.12781869771531
dotu,AMD Instinct MI300A,float64,73000,100,290323,8.046183716763036
dotu,AMD Instinct MI300A,float64,74000,100,299337,7.910803287620271
dotu,AMD Instinct MI300A,float64,75000,100,307100,7.815039633485061
dotu,AMD Instinct MI300A,float64,76000,100,311112,7.817102180293298
dotu,AMD Instinct MI300A,float64,77000,100,318325,7.740516524290692
dotu,AMD Instinct MI300A,float64,78000,100,324646,7.688350968539705
dotu,AMD Instinct MI300A,float64,79000,100,334843,7.549786406448306
dotu,AMD Instinct MI300A,float64,80000,100,341870,7.488217976409129
dotu,AMD Instinct MI300A,float64,81000,100,348104,7.446049108245129
dotu,AMD Instinct MI300A,float64,82000,100,356423,7.36203541425211
dotu,AMD Instinct MI300A,float64,83000,100,362794,7.320944068814228
dotu,AMD Instinct MI300A,float64,84000,100,373356,7.199561533846229
dotu,AMD Instinct MI300A,float64,85000,100,379068,7.175483546471135
dotu,AMD Instinct MI300A,float64,86000,100,384628,7.154959550429348
dotu,AMD Instinct MI300A,float64,87000,100,767342,3.628107086343436
dotu,AMD Instinct MI300A,float64,88000,100,401639,7.011258921584222
dotu,AMD Instinct MI300A,float64,89000,100,412054,6.911699687425177
dotu,AMD Instinct MI300A,float64,90000,100,423054,6.807634014598641
dotu,AMD Instinct MI300A,float64,91000,100,428146,6.80140518152161
dotu,AMD Instinct MI300A,float64,92000,100,442837,6.648039810557964
dotu,AMD Instinct MI300A,float64,93000,100,449356,6.6228012900576
dotu,AMD Instinct MI300A,float64,94000,100,456788,6.585100592556161
dotu,AMD Instinct MI300A,float64,95000,100,467166,6.50731883929382
dotu,AMD Instinct MI300A,float64,96000,100,474438,6.4750228522779185
dotu,AMD Instinct MI300A,float64,97000,100,482345,6.435222827261246
dotu,AMD Instinct MI300A,float64,98000,100,491421,6.381490032340479
dotu,AMD Instinct MI300A,float64,99000,100,500222,6.333179328590632
dotu,AMD Instinct MI300A,float64,100000,100,508823,6.289011648212577
iamax,AMD Instinct MI300A,float64,1000,100,17521,0.45657904724508763
iamax,AMD Instinct MI300A,float64,2000,100,17614,0.9083575136211048
iamax,AMD Instinct MI300A,float64,3000,100,18076,1.3276972584711235
iamax,AMD Instinct MI300A,float64,4000,100,18034,1.7743749209848667
iamax,AMD Instinct MI300A,float64,5000,100,18595,2.1510430138693875
iamax,AMD Instinct MI300A,float64,6000,100,18810,2.5518042851173455
iamax,AMD Instinct MI300A,float64,7000,100,18956,2.9541115694086977
iamax,AMD Instinct MI300A,float64,8000,100,18790,3.4059166093248674
iamax,AMD Instinct MI300A,float64,9000,100,19468,3.698217253827141
iamax,AMD Instinct MI300A,float64,10000,100,19887,4.022619187692394
iamax,AMD Instinct MI300A,float64,11000,100,20003,4.399287315454896
iamax,AMD Instinct MI300A,float64,12000,100,20030,4.792729429455516
iamax,AMD Instinct MI300A,float64,13000,100,20527,5.066413865605577
iamax,AMD Instinct MI300A,float64,14000,100,21084,5.312072395958082
iamax,AMD Instinct MI300A,float64,15000,100,21165,5.669536869706956
iamax,AMD Instinct MI300A,float64,16000,100,21021,6.0891054961312765
iamax,AMD Instinct MI300A,float64,17000,100,21603,6.295142186895366
iamax,AMD Instinct MI300A,float64,18000,100,21739,6.623899581682342
iamax,AMD Instinct MI300A,float64,19000,100,22567,6.7354479981318
iamax,AMD Instinct MI300A,float64,20000,100,22185,7.211865682607594
iamax,AMD Instinct MI300A,float64,21000,100,22346,7.517965924819445
iamax,AMD Instinct MI300A,float64,22000,100,22714,7.748364808864129
iamax,AMD Instinct MI300A,float64,23000,100,23199,7.93110969155742
iamax,AMD Instinct MI300A,float64,24000,100,23708,8.098436495604068
iamax,AMD Instinct MI300A,float64,25000,100,23613,8.469627281347043
iamax,AMD Instinct MI300A,float64,26000,100,24378,8.53225170634779
iamax,AMD Instinct MI300A,float64,27000,100,24169,8.936997888634249
iamax,AMD Instinct MI300A,float64,28000,100,24532,9.13089753054061
iamax,AMD Instinct MI300A,float64,29000,100,24946,9.299827231657895
iamax,AMD Instinct MI300A,float64,30000,100,24965,9.613381827503884
iamax,AMD Instinct MI300A,float64,31000,100,25418,9.756554299748887
iamax,AMD Instinct MI300A,float64,32000,100,25878,9.892339658119196
iamax,AMD Instinct MI300A,float64,33000,100,26320,10.030162674801229
iamax,AMD Instinct MI300A,float64,34000,100,26309,10.338463035433561
iamax,AMD Instinct MI300A,float64,35000,100,26302,10.645448766496644
iamax,AMD Instinct MI300A,float64,36000,100,26500,10.867551340689811
iamax,AMD Instinct MI300A,float64,37000,100,27147,10.903590891375922
iamax,AMD Instinct MI300A,float64,38000,100,27204,11.17477383029709
iamax,AMD Instinct MI300A,float64,39000,100,27740,11.24704089272666
iamax,AMD Instinct MI300A,float64,40000,100,27941,11.452568650096469
iamax,AMD Instinct MI300A,float64,41000,100,28344,11.57173026296757
iamax,AMD Instinct MI300A,float64,42000,100,28365,11.845525881416416
iamax,AMD Instinct MI300A,float64,43000,100,28422,12.103287485095189
iamax,AMD Instinct MI300A,float64,44000,100,28886,12.185690537465113
iamax,AMD Instinct MI300A,float64,45000,100,28881,12.464704976014099
iamax,AMD Instinct MI300A,float64,46000,100,29267,12.573695350978646
iamax,AMD Instinct MI300A,float64,47000,100,30248,12.430343791572227
iamax,AMD Instinct MI300A,float64,48000,100,30212,12.709903729098993
iamax,AMD Instinct MI300A,float64,49000,100,30438,12.87861315734314
iamax,AMD Instinct MI300A,float64,50000,100,30692,13.032682383429988
iamax,AMD Instinct MI300A,float64,51000,100,30474,13.388348068172943
iamax,AMD Instinct MI300A,float64,52000,100,30865,13.478019003358813
iamax,AMD Instinct MI300A,float64,53000,100,31117,13.625567477570034
iamax,AMD Instinct MI300A,float64,54000,100,31742,13.609479758734166
iamax,AMD Instinct MI300A,float64,55000,100,32265,13.636987725781253
iamax,AMD Instinct MI300A,float64,56000,100,32142,13.937984679417019
iamax,AMD Instinct MI300A,float64,57000,100,32098,14.206368690160346
iamax,AMD Instinct MI300A,float64,58000,100,33118,14.010507880910684
iamax,AMD Instinct MI300A,float64,59000,100,33259,14.191348689254564
iamax,AMD Instinct MI300A,float64,60000,100,33398,14.37177383618573
iamax,AMD Instinct MI300A,float64,61000,100,33407,14.60736276936441
iamax,AMD Instinct MI300A,float64,62000,100,33671,14.730470988990756
iamax,AMD Instinct MI300A,float64,63000,100,34203,14.73524363292754
iamax,AMD Instinct MI300A,float64,64000,100,34452,14.861036249608517
iamax,AMD Instinct MI300A,float64,65000,100,34445,15.09639483575558
iamax,AMD Instinct MI300A,float64,66000,100,34843,15.153376275552667
iamax,AMD Instinct MI300A,float64,67000,100,34980,15.323032977110936
iamax,AMD Instinct MI300A,float64,68000,100,35415,15.360670809529939
iamax,AMD Instinct MI300A,float64,69000,100,35740,15.444871043720738
iamax,AMD Instinct MI300A,float64,70000,100,35748,15.665023610827104
iamax,AMD Instinct MI300A,float64,71000,100,36333,15.63289557556028
iamax,AMD Instinct MI300A,float64,72000,100,36575,15.748315668425777
iamax,AMD Instinct MI300A,float64,73000,100,36834,15.854813347580947
iamax,AMD Instinct MI300A,float64,74000,100,37039,15.983006176675936
iamax,AMD Instinct MI300A,float64,75000,100,37200,16.12866806233408
iamax,AMD Instinct MI300A,float64,76000,100,37895,16.044095931027275
iamax,AMD Instinct MI300A,float64,77000,100,37825,16.285159487493342
iamax,AMD Instinct MI300A,float64,78000,100,38030,16.407986692702075
iamax,AMD Instinct MI300A,float64,79000,100,38515,16.40886743504477
iamax,AMD Instinct MI300A,float64,80000,100,38709,16.53338348459657
iamax,AMD Instinct MI300A,float64,81000,100,38873,16.669251944167264
iamax,AMD Instinct MI300A,float64,82000,100,38948,16.842939842718778
iamax,AMD Instinct MI300A,float64,83000,100,39734,16.71109956770097
iamax,AMD Instinct MI300A,float64,84000,100,39619,16.9613148249716
iamax,AMD Instinct MI300A,float64,85000,100,39720,17.11971818929776
iamax,AMD Instinct MI300A,float64,86000,100,40077,17.16683367733539
iamax,AMD Instinct MI300A,float64,87000,100,40762,17.07469294991816
iamax,AMD Instinct MI300A,float64,88000,100,40635,17.3248425198885
iamax,AMD Instinct MI300A,float64,89000,100,40953,17.38540587963683
iamax,AMD Instinct MI300A,float64,90000,100,41233,17.461534301365226
iamax,AMD Instinct MI300A,float64,91000,100,41699,17.45815917140891
iamax,AMD Instinct MI300A,float64,92000,100,41848,17.587417349891634
iamax,AMD Instinct MI300A,float64,93000,100,41820,17.790318145407156
iamax,AMD Instinct MI300A,float64,94000,100,42199,17.82006990111994
iamax,AMD Instinct MI300A,float64,95000,100,42488,17.887230894260338
iamax,AMD Instinct MI300A,float64,96000,100,43054,17.83797267724279
iamax,AMD Instinct MI300A,float64,97000,100,43097,18.00559287127022
iamax,AMD Instinct MI300A,float64,98000,100,43237,18.13231595005472
iamax,AMD Instinct MI300A,float64,99000,100,43651,18.14373549732506
iamax,AMD Instinct MI300A,float64,100000,100,44098,18.141235413596355
nrm2,AMD Instinct MI300A,float64,1000,100,17058,0.4689689132231647
nrm2,AMD Instinct MI300A,float64,2000,100,14945,1.0705864404874381
nrm2,AMD Instinct MI300A,float64,3000,100,16435,1.4602359497922206
nrm2,AMD Instinct MI300A,float64,4000,100,17208,1.8595234622467345
nrm2,AMD Instinct MI300A,float64,5000,100,18268,2.189510928943802
nrm2,AMD Instinct MI300A,float64,6000,100,19037,2.5212957569218757
nrm2,AMD Instinct MI300A,float64,7000,100,20728,2.7015748734239806
nrm2,AMD Instinct MI300A,float64,8000,100,21398,2.9908289035574507
nrm2,AMD Instinct MI300A,float64,9000,100,22089,3.259501106193188
nrm2,AMD Instinct MI300A,float64,10000,100,23495,3.404852254948527
nrm2,AMD Instinct MI300A,float64,11000,100,24938,3.5286664046899188
nrm2,AMD Instinct MI300A,float64,12000,100,26147,3.6714355810295394
nrm2,AMD Instinct MI300A,float64,13000,100,27725,3.751082493878341
nrm2,AMD Instinct MI300A,float64,14000,100,29216,3.833483078766098
nrm2,AMD Instinct MI300A,float64,15000,100,30986,3.8726442221116364
nrm2,AMD Instinct MI300A,float64,16000,100,33387,3.8338275376643605
nrm2,AMD Instinct MI300A,float64,17000,100,34618,3.928521703060376
nrm2,AMD Instinct MI300A,float64,18000,100,36700,3.9236586809313456
nrm2,AMD Instinct MI300A,float64,19000,100,39150,3.8824962509645577
nrm2,AMD Instinct MI300A,float64,20000,100,41377,3.8668648112643704
nrm2,AMD Instinct MI300A,float64,21000,100,42542,3.9489819736024656
nrm2,AMD Instinct MI300A,float64,22000,100,44018,3.99827983097272
nrm2,AMD Instinct MI300A,float64,23000,100,47379,3.883538587493697
nrm2,AMD Instinct MI300A,float64,24000,100,48734,3.9397400346122575
nrm2,AMD Instinct MI300A,float64,25000,100,51256,3.901927396056556
nrm2,AMD Instinct MI300A,float64,26000,100,52948,3.9283284037218644
nrm2,AMD Instinct MI300A,float64,27000,100,56415,3.82871600818069
nrm2,AMD Instinct MI300A,float64,28000,100,58601,3.8224205785472445
nrm2,AMD Instinct MI300A,float64,29000,100,61151,3.7938295651502743
nrm2,AMD Instinct MI300A,float64,30000,100,63388,3.7861601962240625
nrm2,AMD Instinct MI300A,float64,31000,100,67139,3.6937846562270584
nrm2,AMD Instinct MI300A,float64,32000,100,69261,3.6961136231529177
nrm2,AMD Instinct MI300A,float64,33000,100,73124,3.6102776399232157
nrm2,AMD Instinct MI300A,float64,34000,100,75632,3.596322812811001
nrm2,AMD Instinct MI300A,float64,35000,100,79447,3.5243510631267916
nrm2,AMD Instinct MI300A,float64,36000,100,81950,3.514321715164713
nrm2,AMD Instinct MI300A,float64,37000,100,85443,3.4642767526431495
nrm2,AMD Instinct MI300A,float64,38000,100,237020,1.2825892642046972
nrm2,AMD Instinct MI300A,float64,39000,100,92247,3.382220145673956
nrm2,AMD Instinct MI300A,float64,40000,100,96746,3.307621742444798
nrm2,AMD Instinct MI300A,float64,41000,100,98960,3.3144406845977232
nrm2,AMD Instinct MI300A,float64,42000,100,103475,3.247141380052482
nrm2,AMD Instinct MI300A,float64,43000,100,105068,3.274049559592746
nrm2,AMD Instinct MI300A,float64,44000,100,109116,3.2259125827178514
nrm2,AMD Instinct MI300A,float64,45000,100,112378,3.20346429747939
nrm2,AMD Instinct MI300A,float64,46000,100,117304,3.1371479233444726
nrm2,AMD Instinct MI300A,float64,47000,100,121534,3.093775291201599
nrm2,AMD Instinct MI300A,float64,48000,100,125013,3.071673173974289
nrm2,AMD Instinct MI300A,float64,49000,100,129524,3.026448613102901
nrm2,AMD Instinct MI300A,float64,50000,100,134001,2.9850343066261567
nrm2,AMD Instinct MI300A,float64,51000,100,138051,2.955411318283674
nrm2,AMD Instinct MI300A,float64,52000,100,143735,2.894204577963749
nrm2,AMD Instinct MI300A,float64,53000,100,147960,2.8656225122223193
nrm2,AMD Instinct MI300A,float64,54000,100,153727,2.810162954324314
nrm2,AMD Instinct MI300A,float64,55000,100,157288,2.7974076677452793
nrm2,AMD Instinct MI300A,float64,56000,100,163704,2.736638940686161
nrm2,AMD Instinct MI300A,float64,57000,100,168018,2.7139899216936536
nrm2,AMD Instinct MI300A,float64,58000,100,173863,2.6687605700748653
nrm2,AMD Instinct MI300A,float64,59000,100,178939,2.637762453172731
nrm2,AMD Instinct MI300A,float64,60000,100,186782,2.569830595696369
nrm2,AMD Instinct MI300A,float64,61000,100,190981,2.555220246895015
nrm2,AMD Instinct MI300A,float64,62000,100,198803,2.4949311650503607
nrm2,AMD Instinct MI300A,float64,63000,100,202429,2.4897505269971947
nrm2,AMD Instinct MI300A,float64,64000,100,208842,2.4516094432931244
nrm2,AMD Instinct MI300A,float64,65000,100,212284,2.449541332806745
nrm2,AMD Instinct MI300A,float64,66000,100,220823,2.391050407010668
nrm2,AMD Instinct MI300A,float64,67000,100,224191,2.3908144907266284
nrm2,AMD Instinct MI300A,float64,68000,100,232560,2.3391744468583426
nrm2,AMD Instinct MI300A,float64,69000,100,236324,2.3357730454583328
nrm2,AMD Instinct MI300A,float64,70000,100,245303,2.282888721730704
nrm2,AMD Instinct MI300A,float64,71000,100,250564,2.2668813818398057
nrm2,AMD Instinct MI300A,float64,72000,100,259177,2.22241942764983
nrm2,AMD Instinct MI300A,float64,73000,100,262535,2.2244598866652923
nrm2,AMD Instinct MI300A,float64,74000,100,272167,2.1751322421615877
nrm2,AMD Instinct MI300A,float64,75000,100,276260,2.1718631509028614
nrm2,AMD Instinct MI300A,float64,76000,100,285330,2.130859965665818
nrm2,AMD Instinct MI300A,float64,77000,100,290657,2.1193308501840202
nrm2,AMD Instinct MI300A,float64,78000,100,300601,2.0758345611750606
nrm2,AMD Instinct MI300A,float64,79000,100,304060,2.078532755834494
nrm2,AMD Instinct MI300A,float64,80000,100,314024,2.0380590977270354
nrm2,AMD Instinct MI300A,float64,81000,100,319881,2.0257506039034525
nrm2,AMD Instinct MI300A,float64,82000,100,329068,1.9935062748648882
nrm2,AMD Instinct MI300A,float64,83000,100,333901,1.9886086268477738
nrm2,AMD Instinct MI300A,float64,84000,100,343594,1.955793763992329
nrm2,AMD Instinct MI300A,float64,85000,100,348829,1.9493754645354566
nrm2,AMD Instinct MI300A,float64,86000,100,355302,1.9363795191277287
nrm2,AMD Instinct MI300A,float64,87000,100,360632,1.9299429596484976
nrm2,AMD Instinct MI300A,float64,88000,100,370052,1.9024336368858965
nrm2,AMD Instinct MI300A,float64,89000,100,375779,1.8947271499764355
nrm2,AMD Instinct MI300A,float64,90000,100,386156,1.8645274252950543
nrm2,AMD Instinct MI300A,float64,91000,100,391514,1.859447765979508
nrm2,AMD Instinct MI300A,float64,92000,100,407084,1.8079794633184918
nrm2,AMD Instinct MI300A,float64,93000,100,408496,1.8213143720798382
nrm2,AMD Instinct MI300A,float64,94000,100,418179,1.7982703652146024
nrm2,AMD Instinct MI300A,float64,95000,100,424146,1.7918354921493085
nrm2,AMD Instinct MI300A,float64,96000,100,437174,1.756736667666802
nrm2,AMD Instinct MI300A,float64,97000,100,442095,1.755276857602034
nrm2,AMD Instinct MI300A,float64,98000,100,453297,1.7295468728380665
nrm2,AMD Instinct MI300A,float64,99000,100,460100,1.7213634241569882
nrm2,AMD Instinct MI300A,float64,100000,100,470880,1.69894470474401
rot,AMD Instinct MI300A,float64,1000,100,16702,1.9158808561592575
rot,AMD Instinct MI300A,float64,2000,100,12997,4.9241905477084815
rot,AMD Instinct MI300A,float64,3000,100,13077,7.34065614760836
rot,AMD Instinct MI300A,float64,4000,100,13327,9.60423066360732
rot,AMD Instinct MI300A,float64,5000,100,13336,11.996826839301004
rot,AMD Instinct MI300A,float64,6000,100,13424,14.302570887116959
rot,AMD Instinct MI300A,float64,7000,100,13357,16.76966786325234
rot,AMD Instinct MI300A,float64,8000,100,13240,19.334821711796355
rot,AMD Instinct MI300A,float64,9000,100,13412,21.473211423152
rot,AMD Instinct MI300A,float64,10000,100,13242,24.165059438494637
rot,AMD Instinct MI300A,float64,11000,100,13195,26.675639381731433
rot,AMD Instinct MI300A,float64,12000,100,13376,28.707146733889235
rot,AMD Instinct MI300A,float64,13000,100,13484,30.84964063134976
rot,AMD Instinct MI300A,float64,14000,100,13443,33.32500208281263
rot,AMD Instinct MI300A,float64,15000,100,13713,35.002362659479516
rot,AMD Instinct MI300A,float64,16000,100,13476,37.99132729231655
rot,AMD Instinct MI300A,float64,17000,100,13676,39.77634579683208
rot,AMD Instinct MI300A,float64,18000,100,13468,42.76689960767309
rot,AMD Instinct MI300A,float64,19000,100,13719,44.3153210018178
rot,AMD Instinct MI300A,float64,20000,100,13467,47.52121190970673
rot,AMD Instinct MI300A,float64,21000,100,13516,49.71826317533974
rot,AMD Instinct MI300A,float64,22000,100,13554,51.93896876062849
rot,AMD Instinct MI300A,float64,23000,100,13434,54.78407927018079
rot,AMD Instinct MI300A,float64,24000,100,13503,56.87300657520085
rot,AMD Instinct MI300A,float64,25000,100,13443,59.50627642450588
rot,AMD Instinct MI300A,float64,26000,100,13525,61.515393265986795
rot,AMD Instinct MI300A,float64,27000,100,13638,63.347938552499606
rot,AMD Instinct MI300A,float64,28000,100,13446,66.63513396934188
rot,AMD Instinct MI300A,float64,29000,100,13344,69.54196722834794
rot,AMD Instinct MI300A,float64,30000,100,13557,70.81129086032767
rot,AMD Instinct MI300A,float64,31000,100,13480,73.58580980738617
rot,AMD Instinct MI300A,float64,32000,100,13824,74.07048414175529
rot,AMD Instinct MI300A,float64,33000,100,13321,79.26999540594345
rot,AMD Instinct MI300A,float64,34000,100,13604,79.97318546134532
rot,AMD Instinct MI300A,float64,35000,100,13630,82.1677013438821
rot,AMD Instinct MI300A,float64,36000,100,13547,85.033762537313
rot,AMD Instinct MI300A,float64,37000,100,13418,88.2340228603622
rot,AMD Instinct MI300A,float64,38000,100,13549,89.74262464704432
rot,AMD Instinct MI300A,float64,39000,100,13673,91.27036945484969
rot,AMD Instinct MI300A,float64,40000,100,13443,95.21145869905443
rot,AMD Instinct MI300A,float64,41000,100,13259,98.94971514247402
rot,AMD Instinct MI300A,float64,42000,100,13421,100.13880848229353
rot,AMD Instinct MI300A,float64,43000,100,13813,99.61370730944535
rot,AMD Instinct MI300A,float64,44000,100,13566,103.78375828408888
rot,AMD Instinct MI300A,float64,45000,100,13444,107.10333091359142
rot,AMD Instinct MI300A,float64,46000,100,13756,107.00263944690103
rot,AMD Instinct MI300A,float64,47000,100,13760,109.2946209460525
rot,AMD Instinct MI300A,float64,48000,100,13843,110.95331725858624
rot,AMD Instinct MI300A,float64,49000,100,13670,114.70154920242922
rot,AMD Instinct MI300A,float64,50000,100,13496,118.55127379638967
rot,AMD Instinct MI300A,float64,51000,100,13620,119.81710271673533
rot,AMD Instinct MI300A,float64,52000,100,13751,121.00533325188745
rot,AMD Instinct MI300A,float64,53000,100,13895,122.05601046687863
rot,AMD Instinct MI300A,float64,54000,100,13677,126.34017091017564
rot,AMD Instinct MI300A,float64,55000,100,13899,126.62544624677861
rot,AMD Instinct MI300A,float64,56000,100,13939,128.55499025794214
rot,AMD Instinct MI300A,float64,57000,100,14038,129.9323909910693
rot,AMD Instinct MI300A,float64,58000,100,13894,133.57543881618767
rot,AMD Instinct MI300A,float64,59000,100,13555,139.276587959657
rot,AMD Instinct MI300A,float64,60000,100,13791,139.22052458583707
rot,AMD Instinct MI300A,float64,61000,100,13801,141.43431202206145
rot,AMD Instinct MI300A,float64,62000,100,13830,143.4461935786138
rot,AMD Instinct MI300A,float64,63000,100,13568,148.58315350054835
rot,AMD Instinct MI300A,float64,64000,100,13722,149.2486191952089
rot,AMD Instinct MI300A,float64,65000,100,13850,150.17660190782044
rot,AMD Instinct MI300A,float64,66000,100,14066,150.14534666726382
rot,AMD Instinct MI300A,float64,67000,100,13608,157.54905404432245
rot,AMD Instinct MI300A,float64,68000,100,13886,156.6981623251818
rot,AMD Instinct MI300A,float64,69000,100,13947,158.30498947501246
rot,AMD Instinct MI300A,float64,70000,100,13879,161.38363411448296
rot,AMD Instinct MI300A,float64,71000,100,14022,162.02577864369022
rot,AMD Instinct MI300A,float64,72000,100,13950,165.16046156040795
rot,AMD Instinct MI300A,float64,73000,100,13881,168.27946493469446
rot,AMD Instinct MI300A,float64,74000,100,14082,168.15470801227357
rot,AMD Instinct MI300A,float64,75000,100,14265,168.23487270578454
rot,AMD Instinct MI300A,float64,76000,100,13809,176.11625990472922
rot,AMD Instinct MI300A,float64,77000,100,13789,178.68720022393916
rot,AMD Instinct MI300A,float64,78000,100,13907,179.46557223345482
rot,AMD Instinct MI300A,float64,79000,100,14015,180.37726532939186
rot,AMD Instinct MI300A,float64,80000,100,13887,184.3349827473977
rot,AMD Instinct MI300A,float64,81000,100,14073,184.18156095294063
rot,AMD Instinct MI300A,float64,82000,100,14057,186.66365045524162
rot,AMD Instinct MI300A,float64,83000,100,13950,190.38785073191085
rot,AMD Instinct MI300A,float64,84000,100,13880,193.6464094368045
rot,AMD Instinct MI300A,float64,85000,100,14066,193.36488308889025
rot,AMD Instinct MI300A,float64,86000,100,14148,194.5059146902147
rot,AMD Instinct MI300A,float64,87000,100,13884,200.50457437070446
rot,AMD Instinct MI300A,float64,88000,100,14159,198.8817141117735
rot,AMD Instinct MI300A,float64,89000,100,14236,200.05521186675819
rot,AMD Instinct MI300A,float64,90000,100,14173,203.20227022091896
rot,AMD Instinct MI300A,float64,91000,100,14379,202.51657443770702
rot,AMD Instinct MI300A,float64,92000,100,14163,207.85411803911103
rot,AMD Instinct MI300A,float64,93000,100,14363,207.1951582056175
rot,AMD Instinct MI300A,float64,94000,100,14130,212.8674404813295
rot,AMD Instinct MI300A,float64,95000,100,14597,208.25241288507002
rot,AMD Instinct MI300A,float64,96000,100,14010,219.2708530364231
rot,AMD Instinct MI300A,float64,97000,100,14137,219.5521673349663
rot,AMD Instinct MI300A,float64,98000,100,14135,221.84697510659052
rot,AMD Instinct MI300A,float64,99000,100,14159,223.74192837574518
rot,AMD Instinct MI300A,float64,100000,100,14176,225.73092732381173
rotg,cpu,float64,-,100,0,
rotm,AMD Instinct MI300A,float64,1000,100,16729,1.9128345218810339
rotm,AMD Instinct MI300A,float64,2000,100,13233,4.836116115147925
rotm,AMD Instinct MI300A,float64,3000,100,13949,6.882134838226818
rotm,AMD Instinct MI300A,float64,4000,100,13691,9.34896168094331
rotm,AMD Instinct MI300A,float64,5000,100,13853,11.549452952942476
rotm,AMD Instinct MI300A,float64,6000,100,13499,14.222369713463694
rotm,AMD Instinct MI300A,float64,7000,100,13684,16.369171588379643
rotm,AMD Instinct MI300A,float64,8000,100,13610,18.80892483483413
rotm,AMD Instinct MI300A,float64,9000,100,13653,21.09339981660461
rotm,AMD Instinct MI300A,float64,10000,100,13991,22.870424039102705
rotm,AMD Instinct MI300A,float64,11000,100,14248,24.704233477464758
rotm,AMD Instinct MI300A,float64,12000,100,13879,27.6671611691393
rotm,AMD Instinct MI300A,float64,13000,100,13662,30.447928552764576
rotm,AMD Instinct MI300A,float64,14000,100,13717,32.66005980873452
rotm,AMD Instinct MI300A,float64,15000,100,13947,34.413856739416126
rotm,AMD Instinct MI300A,float64,16000,100,13850,36.96681506339953
rotm,AMD Instinct MI300A,float64,17000,100,13504,40.284151370660844
rotm,AMD Instinct MI300A,float64,18000,100,13485,42.71171962128942
rotm,AMD Instinct MI300A,float64,19000,100,14101,43.11484930721954
rotm,AMD Instinct MI300A,float64,20000,100,13628,46.96017263733466
rotm,AMD Instinct MI300A,float64,21000,100,13608,49.37995820339252
rotm,AMD Instinct MI300A,float64,22000,100,13808,50.98249938806517
rotm,AMD Instinct MI300A,float64,23000,100,13829,53.21929749081136
rotm,AMD Instinct MI300A,float64,24000,100,13768,55.78083361841116
rotm,AMD Instinct MI300A,float64,25000,100,13870,57.6752408121539
rotm,AMD Instinct MI300A,float64,26000,100,13595,61.19685454051975
rotm,AMD Instinct MI300A,float64,27000,100,13866,62.306778674639624
rotm,AMD Instinct MI300A,float64,28000,100,13624,65.76214361101692
rotm,AMD Instinct MI300A,float64,29000,100,13868,66.91490558364507
rotm,AMD Instinct MI300A,float64,30000,100,13826,69.43409763880672
rotm,AMD Instinct MI300A,float64,31000,100,14000,70.85380260644855
rotm,AMD Instinct MI300A,float64,32000,100,14122,72.51010290911383
rotm,AMD Instinct MI300A,float64,33000,100,13995,75.4529858589958
rotm,AMD Instinct MI300A,float64,34000,100,13922,78.14929820062677
rotm,AMD Instinct MI300A,float64,35000,100,13896,80.59542750477276
rotm,AMD Instinct MI300A,float64,36000,100,14055,81.96336408382462
rotm,AMD Instinct MI300A,float64,37000,100,13859,85.42956858789397
rotm,AMD Instinct MI300A,float64,38000,100,13726,88.58479954775129
rotm,AMD Instinct MI300A,float64,39000,100,13645,91.46100155659589
rotm,AMD Instinct MI300A,float64,40000,100,13791,92.80829938217225
rotm,AMD Instinct MI300A,float64,41000,100,14072,93.22902862031695
rotm,AMD Instinct MI300A,float64,42000,100,14058,95.60345054477607
rotm,AMD Instinct MI300A,float64,43000,100,13822,99.5494951263432
rotm,AMD Instinct MI300A,float64,44000,100,13699,102.77627327977483
rotm,AMD Instinct MI300A,float64,45000,100,13868,103.83040457084515
rotm,AMD Instinct MI300A,float64,46000,100,13907,105.84475910250548
rotm,AMD Instinct MI300A,float64,47000,100,14198,105.92989047102881
rotm,AMD Instinct MI300A,float64,48000,100,14054,109.2860405582126
rotm,AMD Instinct MI300A,float64,49000,100,14122,111.02637796976089
rotm,AMD Instinct MI300A,float64,50000,100,14109,113.39829165473623
rotm,AMD Instinct MI300A,float64,51000,100,13771,118.50156513556159
rotm,AMD Instinct MI300A,float64,52000,100,13950,119.27665589544942
rotm,AMD Instinct MI300A,float64,53000,100,14248,119.03115935366641
rotm,AMD Instinct MI300A,float64,54000,100,14073,122.78247251782939
rotm,AMD Instinct MI300A,float64,55000,100,13944,126.21581326370426
rotm,AMD Instinct MI300A,float64,56000,100,13815,129.70778833020765
rotm,AMD Instinct MI300A,float64,57000,100,14060,129.7227176909356
rotm,AMD Instinct MI300A,float64,58000,100,14101,131.6156171574005
rotm,AMD Instinct MI300A,float64,59000,100,13949,135.3495250937876
rotm,AMD Instinct MI300A,float64,60000,100,14010,137.03939240159394
rotm,AMD Instinct MI300A,float64,61000,100,14036,139.06630370741362
rotm,AMD Instinct MI300A,float64,62000,100,13979,141.92342001105914
rotm,AMD Instinct MI300A,float64,63000,100,13933,144.6917298197741
rotm,AMD Instinct MI300A,float64,64000,100,14035,145.91082768059493
rotm,AMD Instinct MI300A,float64,65000,100,14273,145.72684064209488
rotm,AMD Instinct MI300A,float64,66000,100,14207,148.65419388532933
rotm,AMD Instinct MI300A,float64,67000,100,14412,148.75697038112727
rotm,AMD Instinct MI300A,float64,68000,100,14164,153.62165161631015
rotm,AMD Instinct MI300A,float64,69000,100,14195,155.54257801960767
rotm,AMD Instinct MI300A,float64,70000,100,14236,157.3390593512433
rotm,AMD Instinct MI300A,float64,71000,100,14255,159.37853594820757
rotm,AMD Instinct MI300A,float64,72000,100,14191,162.34532626548676
rotm,AMD Instinct MI300A,float64,73000,100,14274,163.64766154076796
rotm,AMD Instinct MI300A,float64,74000,100,14178,167.00919537960033
rotm,AMD Instinct MI300A,float64,75000,100,14327,167.51272224226946
rotm,AMD Instinct MI300A,float64,76000,100,14393,168.9678578946966
rotm,AMD Instinct MI300A,float64,77000,100,14468,170.2966437600172
rotm,AMD Instinct MI300A,float64,78000,100,14450,172.72316476447438
rotm,AMD Instinct MI300A,float64,79000,100,14215,177.8381827301397
rotm,AMD Instinct MI300A,float64,80000,100,14166,180.71349358008254
rotm,AMD Instinct MI300A,float64,81000,100,14051,184.46337313197031
rotm,AMD Instinct MI300A,float64,82000,100,14308,183.3878814436484
rotm,AMD Instinct MI300A,float64,83000,100,14287,185.89311985486898
rotm,AMD Instinct MI300A,float64,84000,100,14521,185.1077763859497
rotm,AMD Instinct MI300A,float64,85000,100,14387,189.05076360522585
rotm,AMD Instinct MI300A,float64,86000,100,14295,192.50853592081967
rotm,AMD Instinct MI300A,float64,87000,100,14338,194.15755913820266
rotm,AMD Instinct MI300A,float64,88000,100,14364,196.0392551900627
rotm,AMD Instinct MI300A,float64,89000,100,14263,199.66530822280347
rotm,AMD Instinct MI300A,float64,90000,100,14418,199.74518617569115
rotm,AMD Instinct MI300A,float64,91000,100,14423,201.888825259398
rotm,AMD Instinct MI300A,float64,92000,100,14224,206.9598691878653
rotm,AMD Instinct MI300A,float64,93000,100,14060,211.66324207489723
rotm,AMD Instinct MI300A,float64,94000,100,14646,205.36796915110932
rotm,AMD Instinct MI300A,float64,95000,100,14551,208.9177647448523
rotm,AMD Instinct MI300A,float64,96000,100,14240,215.7232170005625
rotm,AMD Instinct MI300A,float64,97000,100,14739,210.58816106466426
rotm,AMD Instinct MI300A,float64,98000,100,14649,214.06771666335598
rotm,AMD Instinct MI300A,float64,99000,100,14431,219.5126514259661
rotm,AMD Instinct MI300A,float64,100000,100,14445,221.5150661395531
rotmg,cpu,float64,-,100,13,
scal,AMD Instinct MI300A,float64,1000,100,16727,0.9565030249408164
scal,AMD Instinct MI300A,float64,2000,100,12685,2.522555190748529
scal,AMD Instinct MI300A,float64,3000,100,13132,3.6550097238487864
scal,AMD Instinct MI300A,float64,4000,100,13113,4.88029550189264
scal,AMD Instinct MI300A,float64,5000,100,13026,6.141350866890058
scal,AMD Instinct MI300A,float64,6000,100,13199,7.273250726378035
scal,AMD Instinct MI300A,float64,7000,100,13124,8.533684433492883
scal,AMD Instinct MI300A,float64,8000,100,13252,9.658584142113993
scal,AMD Instinct MI300A,float64,9000,100,12793,11.255847764658983
scal,AMD Instinct MI300A,float64,10000,100,12902,12.400543763844045
scal,AMD Instinct MI300A,float64,11000,100,13222,13.310181683979987
scal,AMD Instinct MI300A,float64,12000,100,13101,14.654407847435401
scal,AMD Instinct MI300A,float64,13000,100,13292,15.648086570029701
scal,AMD Instinct MI300A,float64,14000,100,12982,17.25444764199486
scal,AMD Instinct MI300A,float64,15000,100,13016,18.437498799642004
scal,AMD Instinct MI300A,float64,16000,100,13119,19.5128643894036
scal,AMD Instinct MI300A,float64,17000,100,13493,20.15821232230017
scal,AMD Instinct MI300A,float64,18000,100,13057,22.056711788470007
scal,AMD Instinct MI300A,float64,19000,100,13092,23.21911666536823
scal,AMD Instinct MI300A,float64,20000,100,12967,24.67717245873321
scal,AMD Instinct MI300A,float64,21000,100,13073,25.701317039514244
scal,AMD Instinct MI300A,float64,22000,100,13393,26.28207234140412
scal,AMD Instinct MI300A,float64,23000,100,13251,27.769686670399476
scal,AMD Instinct MI300A,float64,24000,100,13043,29.439589808382003
scal,AMD Instinct MI300A,float64,25000,100,13248,30.191755386397862
scal,AMD Instinct MI300A,float64,26000,100,13175,31.573394860974602
scal,AMD Instinct MI300A,float64,27000,100,13199,32.728363672728484
scal,AMD Instinct MI300A,float64,28000,100,13053,34.319114137866315
scal,AMD Instinct MI300A,float64,29000,100,13046,35.566293578291074
scal,AMD Instinct MI300A,float64,30000,100,13175,36.42998309041619
scal,AMD Instinct MI300A,float64,31000,100,12854,38.58435855448679
scal,AMD Instinct MI300A,float64,32000,100,13141,38.9615825099021
scal,AMD Instinct MI300A,float64,33000,100,13213,39.95895125916105
scal,AMD Instinct MI300A,float64,34000,100,13384,40.64536470996096
scal,AMD Instinct MI300A,float64,35000,100,13038,42.9505164032624
scal,AMD Instinct MI300A,float64,36000,100,13218,43.57542406604098
scal,AMD Instinct MI300A,float64,37000,100,13224,44.766209980747504
scal,AMD Instinct MI300A,float64,38000,100,13229,45.957341307335184
scal,AMD Instinct MI300A,float64,39000,100,13064,47.76247354502417
scal,AMD Instinct MI300A,float64,40000,100,13153,48.657878851005016
scal,AMD Instinct MI300A,float64,41000,100,13520,48.517946832909665
scal,AMD Instinct MI300A,float64,42000,100,13376,50.23750678430616
scal,AMD Instinct MI300A,float64,43000,100,13389,51.38212693625853
scal,AMD Instinct MI300A,float64,44000,100,13319,52.85662265702134
scal,AMD Instinct MI300A,float64,45000,100,13275,54.234183203070856
scal,AMD Instinct MI300A,float64,46000,100,13128,56.062265677248924
scal,AMD Instinct MI300A,float64,47000,100,13437,55.96087501376697
scal,AMD Instinct MI300A,float64,48000,100,13070,58.75714859514565
scal,AMD Instinct MI300A,float64,49000,100,13248,59.17445595729779
scal,AMD Instinct MI300A,float64,50000,100,13212,60.549822664706866
scal,AMD Instinct MI300A,float64,51000,100,13346,61.137975523831074
scal,AMD Instinct MI300A,float64,52000,100,13303,62.53777070887165
scal,AMD Instinct MI300A,float64,53000,100,13341,63.56030658853546
scal,AMD Instinct MI300A,float64,54000,100,13216,65.37104879676413
scal,AMD Instinct MI300A,float64,55000,100,13095,67.19737319359334
scal,AMD Instinct MI300A,float64,56000,100,13341,67.15856316652625
scal,AMD Instinct MI300A,float64,57000,100,12993,70.18813035598157
scal,AMD Instinct MI300A,float64,58000,100,13305,69.7463277957154
scal,AMD Instinct MI300A,float64,59000,100,13220,71.40609493379807
scal,AMD Instinct MI300A,float64,60000,100,13435,71.45164435539452
scal,AMD Instinct MI300A,float64,61000,100,13248,73.66671547589755
scal,AMD Instinct MI300A,float64,62000,100,13419,73.92415024487374
scal,AMD Instinct MI300A,float64,63000,100,13401,75.21793052191394
scal,AMD Instinct MI300A,float64,64000,100,13334,76.7952386952009
scal,AMD Instinct MI300A,float64,65000,100,14224,73.11447265835083
scal,AMD Instinct MI300A,float64,66000,100,13286,79.47881167134308
scal,AMD Instinct MI300A,float64,67000,100,13277,80.74015828686255
scal,AMD Instinct MI300A,float64,68000,100,13424,81.04488307338882
scal,AMD Instinct MI300A,float64,69000,100,13155,83.92144223255362
scal,AMD Instinct MI300A,float64,70000,100,13070,85.68744281128258
scal,AMD Instinct MI300A,float64,71000,100,13652,83.2108853901902
scal,AMD Instinct MI300A,float64,72000,100,13372,86.14398009116906
scal,AMD Instinct MI300A,float64,73000,100,13188,88.55958740937427
scal,AMD Instinct MI300A,float64,74000,100,13384,88.45881435304032
scal,AMD Instinct MI300A,float64,75000,100,13325,90.0531764006646
scal,AMD Instinct MI300A,float64,76000,100,13473,90.25351142567891
scal,AMD Instinct MI300A,float64,77000,100,13503,91.23580827742795
scal,AMD Instinct MI300A,float64,78000,100,13357,93.42813893842276
scal,AMD Instinct MI300A,float64,79000,100,13328,94.83110460230957
scal,AMD Instinct MI300A,float64,80000,100,13302,96.22200822848518
scal,AMD Instinct MI300A,float64,81000,100,13270,97.66051817344689
scal,AMD Instinct MI300A,float64,82000,100,13400,97.90789046554754
scal,AMD Instinct MI300A,float64,83000,100,13633,97.4038357161089
scal,AMD Instinct MI300A,float64,84000,100,13521,99.39975564226738
scal,AMD Instinct MI300A,float64,85000,100,13505,100.69852195301821
scal,AMD Instinct MI300A,float64,86000,100,13221,104.07637511666992
scal,AMD Instinct MI300A,float64,87000,100,13285,104.7754102950873
scal,AMD Instinct MI300A,float64,88000,100,13559,103.83664607633173
scal,AMD Instinct MI300A,float64,89000,100,13368,106.51778113887256
scal,AMD Instinct MI300A,float64,90000,100,13420,107.3020537911157
scal,AMD Instinct MI300A,float64,91000,100,13170,110.5537863912541
scal,AMD Instinct MI300A,float64,92000,100,13661,107.74836657282604
scal,AMD Instinct MI300A,float64,93000,100,13463,110.52218762626862
scal,AMD Instinct MI300A,float64,94000,100,13715,109.65327982875425
scal,AMD Instinct MI300A,float64,95000,100,13477,112.78256856363978
scal,AMD Instinct MI300A,float64,96000,100,13359,114.97298583946
scal,AMD Instinct MI300A,float64,97000,100,13269,116.9594168909896
scal,AMD Instinct MI300A,float64,98000,100,13562,115.60983450393206
scal,AMD Instinct MI300A,float64,99000,100,13726,115.40008276167552
scal,AMD Instinct MI300A,float64,100000,100,13542,118.1434349908365
swap,AMD Instinct MI300A,float64,1000,100,16478,1.9419726436741152
swap,AMD Instinct MI300A,float64,2000,100,13245,4.831734834392289
swap,AMD Instinct MI300A,float64,3000,100,13364,7.182962014102549
swap,AMD Instinct MI300A,float64,4000,100,13250,9.65975038601268
swap,AMD Instinct MI300A,float64,5000,100,13201,12.120055206851466
swap,AMD Instinct MI300A,float64,6000,100,13411,14.316114725764384
swap,AMD Instinct MI300A,float64,7000,100,13557,16.521647414767845
swap,AMD Instinct MI300A,float64,8000,100,13210,19.378730027039385
swap,AMD Instinct MI300A,float64,9000,100,13509,21.317763470531894
swap,AMD Instinct MI300A,float64,10000,100,13455,23.781813749752892
swap,AMD Instinct MI300A,float64,11000,100,13365,26.33575392829193
swap,AMD Instinct MI300A,float64,12000,100,13274,28.927512474989754
swap,AMD Instinct MI300A,float64,13000,100,13488,30.84094966401158
swap,AMD Instinct MI300A,float64,14000,100,13520,33.13496730140839
swap,AMD Instinct MI300A,float64,15000,100,13288,36.120479860574946
swap,AMD Instinct MI300A,float64,16000,100,13390,38.23731932493208
swap,AMD Instinct MI300A,float64,17000,100,13387,40.635952659115155
swap,AMD Instinct MI300A,float64,18000,100,13732,41.94468980955217
swap,AMD Instinct MI300A,float64,19000,100,13576,44.78372700782831
swap,AMD Instinct MI300A,float64,20000,100,13439,47.61918934282543
swap,AMD Instinct MI300A,float64,21000,100,13462,49.918066031498896
swap,AMD Instinct MI300A,float64,22000,100,13532,52.021523905515906
swap,AMD Instinct MI300A,float64,23000,100,13690,53.75963162965457
swap,AMD Instinct MI300A,float64,24000,100,13607,56.438385156704705
swap,AMD Instinct MI300A,float64,25000,100,13389,59.74889035107701
swap,AMD Instinct MI300A,float64,26000,100,13508,61.592856413134086
swap,AMD Instinct MI300A,float64,27000,100,13461,64.18466164877321
swap,AMD Instinct MI300A,float64,28000,100,13573,66.0131171600214
swap,AMD Instinct MI300A,float64,29000,100,13610,68.18385541495901
swap,AMD Instinct MI300A,float64,30000,100,13536,70.92109511035987
swap,AMD Instinct MI300A,float64,31000,100,13532,73.30251474917534
swap,AMD Instinct MI300A,float64,32000,100,13187,77.65076115187017
swap,AMD Instinct MI300A,float64,33000,100,13429,78.63075266607396
swap,AMD Instinct MI300A,float64,34000,100,13352,81.4831124751544
swap,AMD Instinct MI300A,float64,35000,100,13568,82.54126879195695
swap,AMD Instinct MI300A,float64,36000,100,13615,84.61150319827075
swap,AMD Instinct MI300A,float64,37000,100,13870,85.36304890278922
swap,AMD Instinct MI300A,float64,38000,100,13392,90.7986472793634
swap,AMD Instinct MI300A,float64,39000,100,13519,92.31342775734588
swap,AMD Instinct MI300A,float64,40000,100,13577,94.27666961772285
swap,AMD Instinct MI300A,float64,41000,100,13767,95.29371090560984
swap,AMD Instinct MI300A,float64,42000,100,13491,99.6170967842356
swap,AMD Instinct MI300A,float64,43000,100,13702,100.42058417631402
swap,AMD Instinct MI300A,float64,44000,100,13650,103.14368472023007
swap,AMD Instinct MI300A,float64,45000,100,13463,106.95775020314545
swap,AMD Instinct MI300A,float64,46000,100,13461,109.34514736338542
swap,AMD Instinct MI300A,float64,47000,100,13541,111.06622840799412
swap,AMD Instinct MI300A,float64,48000,100,13586,113.05123517306554
swap,AMD Instinct MI300A,float64,49000,100,13488,116.24751824893279
swap,AMD Instinct MI300A,float64,50000,100,13673,117.01329417288422
swap,AMD Instinct MI300A,float64,51000,100,13672,119.36482116853186
swap,AMD Instinct MI300A,float64,52000,100,13921,119.52941041256322
swap,AMD Instinct MI300A,float64,53000,100,13927,121.77644257695036
swap,AMD Instinct MI300A,float64,54000,100,13814,125.08442112623754
swap,AMD Instinct MI300A,float64,55000,100,13856,127.02023518951275
swap,AMD Instinct MI300A,float64,56000,100,13566,132.08754337807994
swap,AMD Instinct MI300A,float64,57000,100,13854,131.6580614938426
swap,AMD Instinct MI300A,float64,58000,100,13731,135.16308416523688
swap,AMD Instinct MI300A,float64,59000,100,13597,138.8473172242009
swap,AMD Instinct MI300A,float64,60000,100,14072,136.43951146127426
swap,AMD Instinct MI300A,float64,61000,100,13715,142.32426016174801
swap,AMD Instinct MI300A,float64,62000,100,13879,142.94390964561583
swap,AMD Instinct MI300A,float64,63000,100,13647,147.72076964279563
swap,AMD Instinct MI300A,float64,64000,100,13800,148.40504432223895
swap,AMD Instinct MI300A,float64,65000,100,13768,151.06771465051793
swap,AMD Instinct MI300A,float64,66000,100,13882,152.1343103928912
swap,AMD Instinct MI300A,float64,67000,100,13685,156.66708317896803
swap,AMD Instinct MI300A,float64,68000,100,13714,158.66002277821283
swap,AMD Instinct MI300A,float64,69000,100,13739,160.70722825885218
swap,AMD Instinct MI300A,float64,70000,100,13982,160.20059402952413
swap,AMD Instinct MI300A,float64,71000,100,13989,162.41135106657507
swap,AMD Instinct MI300A,float64,72000,100,13595,169.46833722433814
swap,AMD Instinct MI300A,float64,73000,100,13854,168.61227621520297
swap,AMD Instinct MI300A,float64,74000,100,13749,172.22607290370394
swap,AMD Instinct MI300A,float64,75000,100,13814,173.72962024876634
swap,AMD Instinct MI300A,float64,76000,100,14149,171.88420997578638
swap,AMD Instinct MI300A,float64,77000,100,14052,175.3392216190983
swap,AMD Instinct MI300A,float64,78000,100,13854,180.15989190406486
swap,AMD Instinct MI300A,float64,79000,100,14131,178.8877118719028
swap,AMD Instinct MI300A,float64,80000,100,14088,181.71145215132873
swap,AMD Instinct MI300A,float64,81000,100,13885,186.6741182672724
swap,AMD Instinct MI300A,float64,82000,100,13980,187.69308461138448
swap,AMD Instinct MI300A,float64,83000,100,14018,189.4683828202968
swap,AMD Instinct MI300A,float64,84000,100,13967,192.44041363234146
swap,AMD Instinct MI300A,float64,85000,100,13808,196.98625513920484
swap,AMD Instinct MI300A,float64,86000,100,14175,194.13133633888899
swap,AMD Instinct MI300A,float64,87000,100,13945,199.63328856403862
swap,AMD Instinct MI300A,float64,88000,100,14005,201.0686053792992
swap,AMD Instinct MI300A,float64,89000,100,13859,205.4912633744292
swap,AMD Instinct MI300A,float64,90000,100,14244,202.18656343919343
swap,AMD Instinct MI300A,float64,91000,100,13796,211.0640469211612
swap,AMD Instinct MI300A,float64,92000,100,13854,212.4899944206941
swap,AMD Instinct MI300A,float64,93000,100,13973,212.97196799409176
swap,AMD Instinct MI300A,float64,94000,100,14243,211.187459059612
swap,AMD Instinct MI300A,float64,95000,100,14184,214.32041042358594
swap,AMD Instinct MI300A,float64,96000,100,14337,214.2697217771832
swap,AMD Instinct MI300A,float64,97000,100,14191,218.721395870929
swap,AMD Instinct MI300A,float64,98000,100,14189,221.00584439243477
swap,AMD Instinct MI300A,float64,99000,100,13976,226.66829799153857
swap,AMD Instinct MI300A,float64,100000,100,14498,220.71751124452257
